cv_id,source_filename,name,email,phone,gender,age
2fd4b658-2aaf-5587-a9d5-51d111b8dc11,cv1,Olivia Martinez,[olivia.martinez90@email.com](mailto:olivia.martinez90@email.com),+1-555-214-7783,Female,35
de99dfcc-e669-51bb-93f9-99efcb235651,cv_0001,Kenji Popescu,kenji.popescu95@mailhub.com,+39-329-391-8164,Male,30
403464b8-94a1-5cb7-bca1-c978c4b47783,cv_0002,Olivia Schneider,olivia.schneider86@mailhub.com,+234-331-120-7296,Female,39
8b7a1101-3fe3-5fa7-bde3-a2a1cd419a23,cv5,Sophie Dubois,[sophie.dubois96@email.com](mailto:sophie.dubois96@email.com),+33-555-772-3904,Female,29
ef2f88b9-9e7a-5905-b432-3815bb3f6198,cv4,Daniel Okafor,[daniel.okafor85@email.com](mailto:daniel.okafor85@email.com),+234-555-908-4412,Male,41
a25f9463-8002-538c-a707-c556f81546c5,cv_0005,Leo Kim,leo.kim86@inboxmail.net,+91-249-957-5658,Male,39
57a2c44b-e4f1-521e-b18b-c4818e580a61,cv_0003,Luca Patel,luca.patel92@inboxmail.net,+39-439-333-2091,Male,34
4e9bb0b3-d6dd-5973-970f-a4391a797f4f,cv_0008,Jonas Rossi,jonas.rossi92@inboxmail.net,+49-400-456-4746,Male,33
13a6ea0e-5620-5346-83f5-ba54ba2b4fa4,cv_0004,Ethan Garcia,ethan.garcia91@inboxmail.net,+1-370-479-8617,Male,34
af05e845-3923-5a45-bbf0-b774ebada30a,cv2,Marcus Liu,[marcus.liu87@email.com](mailto:marcus.liu87@email.com),+1-555-673-9921,Male,38
192189ef-c8d9-577e-814e-ddad182609f8,cv_0006,Leila Okafor,leila.okafor95@inboxmail.net,+33-816-836-3143,Female,30
f4fc0f65-a8cd-5124-9cec-e54ae993c1ad,cv3,Hannah Schneider,[hannah.schneider93@email.com](mailto:hannah.schneider93@email.com),+49-555-483-2291,Female,32
b9c3b5d0-7f9a-5994-8262-2199f7d171f4,cv_0011,Thomas Martinez,thomas.martinez85@email.com,+351-303-177-7431,Male,40
abe78dfe-1357-52bf-9e2e-e367f68c32da,cv_0009,Leila Hassan,leila.hassan89@mailhub.com,+1-958-140-6594,Female,36
ac7f9270-b480-5c42-adc7-834a44bf0fa5,cv_0007,Maya Andersen,maya.andersen87@email.com,+31-705-439-8625,Female,38
0b968c73-597a-5124-b5eb-93433150a432,cv_0013,Hugo Okafor,hugo.okafor95@inboxmail.net,+353-632-352-1084,Male,30
2f2a35d8-ce6f-5444-9dca-f3cfe0314825,cv_0010,Isla Okafor,isla.okafor02@inboxmail.net,+234-922-198-6819,Female,23
36531bbb-1b01-5fb0-b8e8-7e28280c8d14,cv_0012,Arjun Costa,arjun.costa97@email.com,+234-902-448-5463,Male,28
21db2b56-6ca8-55e8-a4a1-b8e14f72b6b6,cv_0014,Jonas Novak,jonas.novak97@inboxmail.net,+39-674-921-8141,Male,29
c60d6286-3270-51fc-a058-5f1d075544c6,cv_0015,Noah Kim,noah.kim91@mailhub.com,+31-680-348-3137,Male,34
ac28a569-4c88-5bad-b664-cfa9e2b7b67e,cv_0017,Gabriel Silva,gabriel.silva98@mailhub.com,+234-637-434-7175,Male,28
9485ef8d-1ad2-54da-932a-e1b2a9a2c3df,cv_0016,Hannah Rossi,hannah.rossi01@mailhub.com,+353-241-178-2851,Female,24
0c9ed12e-9cc3-598e-84f3-619ec6967d31,cv_0018,Samuel Silva,samuel.silva94@mailhub.com,+353-428-977-9438,Male,32
d7454477-d85c-549f-85a5-43919c3fa840,cv_0022,Clara Okafor,clara.okafor99@email.com,+48-545-839-1042,Female,26
c7823817-88c9-5d9d-80c7-cc1841680831,cv_0020,Thomas Santos,thomas.santos84@email.com,+353-473-310-2379,Male,41
7f05f076-b7dc-528a-8ee3-dab8be71827f,cv_0021,Omar Garcia,omar.garcia98@mailhub.com,+353-437-352-9320,Male,27
902acfb7-7c7c-5d7d-8275-c072d2e847cb,cv_0023,Samuel Patel,samuel.patel94@inboxmail.net,+91-535-587-2238,Male,31
b88fa28f-a0c4-566f-8666-77f412741949,cv_0024,Sara Hassan,sara.hassan91@email.com,+351-515-702-3261,Female,34
79bdc0a2-b421-5a56-ac11-1470abd21417,cv_0028,Yusuf Santos,yusuf.santos96@mailhub.com,+48-428-281-1397,Male,30
acb23320-7f2e-5d59-8e65-698a954ee2a4,cv_0027,Lucia Novak,lucia.novak98@inboxmail.net,+48-523-991-7855,Female,28
0dd843ac-ba5d-54c5-9571-b16bcf2f59c1,cv_0026,Elena Dubois,elena.dubois93@inboxmail.net,+49-972-784-2055,Female,32
0bc9e82d-b378-56d5-8237-0b02fd0cb8b6,cv_0030,Julia Novak,julia.novak91@inboxmail.net,+91-603-278-8030,Female,34
51b1dd13-5214-5f85-b64c-3aa8dfeee93e,cv_0019,Daniel Novak,daniel.novak96@inboxmail.net,+31-732-655-9997,Male,29
94d115a0-95f0-5e33-bd5c-3ff350e533ef,cv_0025,Hannah Andersen,hannah.andersen93@inboxmail.net,+91-892-751-6477,Female,33
625ae763-cc60-5525-8529-c1e62f575c49,cv_0031,Gabriel Costa,gabriel.costa96@email.com,+234-703-125-9746,Male,29
081dd919-2ce7-5f08-bb6a-ff09717801e2,cv_0037,Marcus Dubois,marcus.dubois86@email.com,+39-664-798-2346,Male,40
e7f0a68f-b52f-5dda-be7b-10972949ce0b,cv_0032,Arjun Aliyev,arjun.aliyev95@mailhub.com,+49-615-154-3685,Male,31
85be8b65-8530-5b6d-a1e8-29a887b6720b,cv_0035,Leila Liu,leila.liu00@email.com,+234-498-250-3094,Female,25
94f77bf1-598b-50a8-80a5-1303f669099d,cv_0036,Mina Okafor,mina.okafor88@email.com,+353-715-265-7535,Female,37
77cd570c-d1c0-5e47-a144-5491b276836a,cv_0038,Sophie Novak,sophie.novak96@mailhub.com,+234-956-388-4220,Female,30
7c12edd8-79d9-57b8-a5d9-753143e97a4c,cv_0029,Thomas Novak,thomas.novak02@inboxmail.net,+39-234-691-1969,Male,23
9491f9f5-53c7-56be-a5ba-f06079c07bd9,cv_0039,Omar Andersen,omar.andersen90@inboxmail.net,+1-840-811-4458,Male,36
f15cfbdf-30d8-5dae-8388-6a839b105a2a,cv_0033,Arjun Aliyev,arjun.aliyev95@mailhub.com,+234-607-628-7470,Male,31
84557924-e2f4-5e47-b25d-cc7fb17a6211,cv_0040,Lucia Rossi,lucia.rossi92@inboxmail.net,+1-334-179-4004,Female,33
d61e7165-0ebe-5f7a-861a-64c90d10acba,cv_0034,Kenji Liu,kenji.liu00@email.com,+33-814-931-1963,Male,25
d4fcea3e-f8d0-5a7f-812a-aa6fc3ae3e15,cv_0041,Gabriel Novak,gabriel.novak88@mailhub.com,+39-326-235-3805,Male,37
8afa5275-49cf-573f-b29a-eba61e774afb,cv_0044,Hugo Schneider,hugo.schneider90@inboxmail.net,+31-414-477-7995,Male,35
9739d9df-be51-5a0f-8232-9f85eeb18528,cv_0045,Isla Kim,isla.kim92@inboxmail.net,+91-896-116-2266,Female,33
650952a0-6515-5cc3-a772-bd2264c72d14,cv_0042,Kenji Kim,kenji.kim94@mailhub.com,+31-924-930-5716,Male,31
8446faec-8c76-5770-8325-8c110f506d6a,cv_0048,Yusuf Kim,yusuf.kim97@mailhub.com,+33-879-649-6790,Male,29
a9897de2-98cd-5544-9762-d56125fb938a,cv_0043,Aisha Martinez,aisha.martinez87@mailhub.com,+234-466-262-7418,Female,38
25bc053e-e88c-5aa0-9aba-c0d060663e75,cv_0049,Omar Petrov,omar.petrov95@email.com,+31-318-519-1056,Male,30
8793b664-c019-5805-8277-2356397c9b67,cv_0046,Luca Garcia,luca.garcia04@email.com,+48-513-910-9185,Male,21
21826048-43f3-5edb-ab0b-5a6337753bf4,cv_0052,Gabriel Dubois,gabriel.dubois99@email.com,+48-959-896-6192,Male,26
b212f72f-21b6-5cb1-8b2c-c7a4620c0f65,cv_0047,Gabriel Popescu,gabriel.popescu86@email.com,+234-894-161-1466,Male,39
19592a87-c08e-52d3-90c9-2acd93d2d0b1,cv_0053,Aisha Aliyev,aisha.aliyev95@mailhub.com,+49-496-654-6383,Female,30
bb47cc38-fc2d-56da-bf9c-ce557c4d1597,cv_0050,Elena Schneider,elena.schneider96@mailhub.com,+351-521-142-7894,Female,29
87a01211-b9f1-5bd0-8b54-494f1a8d1b4d,cv_0051,Victor Silva,victor.silva94@email.com,+31-977-217-5210,Male,31
46f78d11-dac2-53aa-9784-abc061efc900,cv_0056,Zoe Martinez,zoe.martinez93@mailhub.com,+353-789-971-9612,Female,33
c51174bd-ec9c-5584-93ec-f1f9d8041e47,cv_0054,Clara Rossi,clara.rossi86@inboxmail.net,+49-551-298-6783,Female,39
8e46f0cc-8ac1-5cf9-8a15-a715057c94f4,cv_0055,Nadia Aliyev,nadia.aliyev89@email.com,+48-334-144-1444,Female,37
e4faa659-81aa-588e-b90e-490e05524c79,cv_0058,Zoe Aliyev,zoe.aliyev89@inboxmail.net,+234-427-862-5124,Female,36
89704f81-a444-51a1-9c66-f60be55c10df,cv_0061,Kenji Popescu,kenji.popescu90@email.com,+353-538-908-8692,Male,36
49fb4ee6-a8ec-5262-922b-ccb613d53226,cv_0062,Arjun Bianchi,arjun.bianchi92@inboxmail.net,+49-211-928-5007,Male,34
6801c960-5523-546a-9a34-aaaa33525599,cv_0063,Marcus Silva,marcus.silva92@mailhub.com,+234-454-437-5768,Male,33
d724d48e-88d6-5412-8374-2e7be610b566,cv_0059,Leila Fischer,leila.fischer88@email.com,+33-357-193-9335,Female,37
01d1b922-86a4-5e14-98b3-b6e1f139a947,cv_0060,Arjun Hassan,arjun.hassan90@inboxmail.net,+33-319-323-5851,Male,36
da3b1fbb-2771-52c7-9fb9-e24817b9d8fb,cv_0066,Leila Andersen,leila.andersen91@email.com,+91-991-481-3814,Female,34
5da818d1-1616-57e9-b8d2-4fdaa81ea918,cv_0065,Aisha Garcia,aisha.garcia00@email.com,+351-342-745-9694,Female,25
b9f204d5-4d43-5d0a-a443-90838ba166f9,cv_0067,Luca Silva,luca.silva87@inboxmail.net,+353-467-332-9250,Male,38
67436f54-cc83-5dc4-9182-971786b7e621,cv_0057,Hannah Patel,hannah.patel97@inboxmail.net,+49-711-848-8634,Female,28
61f336f1-35cc-5c41-b1c8-c3daf4dd6e6b,cv_0071,Mina Fischer,mina.fischer90@email.com,+1-750-312-6179,Female,35
1c9e4880-17a6-5c25-9455-d6614ccd90d8,cv_0069,Hannah Dubois,hannah.dubois99@inboxmail.net,+49-474-896-4623,Female,26
14a6b2cc-0683-5a65-bb8c-4feceb9b11e2,cv_0064,Lucia Martinez,lucia.martinez94@email.com,+234-771-570-9965,Female,31
cb70af3d-01fa-51b5-99c6-54f9f7a33b1f,cv_0070,Kenji Liu,kenji.liu87@email.com,+39-313-650-2289,Male,38
55fd5f1d-e047-56c7-bd90-876c467dcce7,cv_0073,Nadia Silva,nadia.silva00@inboxmail.net,+234-436-661-3162,Female,25
fd8a14b4-7296-597f-9e33-ff2369e7f8b5,cv_0068,Samuel Costa,samuel.costa87@inboxmail.net,+48-361-574-1355,Male,39
9cdd6813-80be-504d-a0d7-5ef6c95e5161,cv_0072,Maya Santos,maya.santos00@mailhub.com,+91-350-674-2057,Female,25
2536ee12-1b5b-5378-b156-a5bc4bed6487,cv_0074,Samuel Rossi,samuel.rossi85@inboxmail.net,+353-897-348-5934,Male,40
c84c2071-6745-5b54-a4f5-9868dffbd9f1,cv_0076,Isla Silva,isla.silva90@inboxmail.net,+91-621-957-9192,Female,35
821f0d71-ebec-5740-beed-6e44c8ec8f03,cv_0081,Kenji Kim,kenji.kim89@email.com,+353-893-255-9105,Male,36
4a2f34d9-f36c-5f41-b366-eb4ce7bb4b53,cv_0077,Lucia Silva,lucia.silva93@mailhub.com,+91-420-212-2867,Female,32
824e2a86-7b1b-51a5-80dc-1e2341e5e3af,cv_0078,Zoe Popescu,zoe.popescu94@mailhub.com,+234-240-313-8162,Female,31
587f2678-3b0f-5c44-932d-f3393bef4b3a,cv_0080,Samuel Bianchi,samuel.bianchi93@mailhub.com,+234-722-772-5169,Male,32
a5cf80e3-6201-511c-90be-b7f190dc5ce1,cv_0079,Hugo Hassan,hugo.hassan97@inboxmail.net,+234-641-822-5244,Male,28
f6b15c50-4290-50f4-bc34-cb447e97570d,cv_0083,Daniel Schneider,daniel.schneider90@mailhub.com,+353-749-754-3614,Male,35
f226b71d-e8d5-52cd-8845-ccb5f3818fab,cv_0075,Thomas Aliyev,thomas.aliyev97@email.com,+353-361-116-7728,Male,28
22c674c0-cc49-5d4b-9373-a951f6dbd92f,cv_0082,Samuel Patel,samuel.patel90@mailhub.com,+1-445-718-7922,Male,35
4062af90-ce72-56b9-989c-9d663004b00a,cv_0087,Eva Bianchi,eva.bianchi90@email.com,+49-275-315-4881,Female,35
53e476d5-5a86-558e-9df0-4fbeeec38c6a,cv_0085,Victor Martinez,victor.martinez01@inboxmail.net,+1-635-802-8622,Male,25
1c9d9796-24e8-57d2-b8bf-c6bc8a1cc138,cv_0088,Elena Patel,elena.patel98@inboxmail.net,+33-657-336-6094,Female,28
5aae1cd9-e801-5f1d-bb3e-1806f9e2312d,cv_0084,Olivia Liu,olivia.liu92@inboxmail.net,+351-357-471-1217,Female,34
c7402c88-03a2-57d4-9534-a3523213d995,cv_0086,David Andersen,david.andersen00@inboxmail.net,+48-599-622-5418,Male,25
45e54f05-8dc5-5cc2-b49b-253d5a23665b,cv_0090,Gabriel Andersen,gabriel.andersen96@inboxmail.net,+33-843-330-9464,Male,30
2ea9bdc0-2c44-5b96-8c39-8709be4321d1,cv_0089,Anna Dubois,anna.dubois87@email.com,+91-758-588-1634,Female,39
2df8bea3-4891-5401-b852-80f4c4e1572a,cv_0093,Gabriel Popescu,gabriel.popescu01@mailhub.com,+48-801-929-1920,Male,24
7456f63b-f637-50c4-9368-2461902201fb,cv_0091,Victor Fischer,victor.fischer98@mailhub.com,+31-232-629-2238,Male,27
d54a6600-4f78-5a99-8a23-220f77747538,cv_0094,Hannah Patel,hannah.patel92@inboxmail.net,+353-546-917-5057,Female,33
c3c873bd-40c1-54cd-88ce-35a2c5f60918,cv_0098,Samuel Patel,samuel.patel90@inboxmail.net,+1-337-798-1426,Male,35
ac7f2bdd-1781-5fef-aa48-7a7e8170f0a7,cv_0092,Jonas Bianchi,jonas.bianchi87@mailhub.com,+33-503-315-8186,Male,38
cfd950af-c3ae-5a1e-aa35-a4a9c5fab139,cv_0097,Camila Costa,camila.costa96@email.com,+49-735-635-6348,Female,30
963a793e-b97c-57ea-a93f-4afa055ed684,cv_0095,Omar Rossi,omar.rossi93@inboxmail.net,+351-453-493-2134,Male,32
43baf635-6360-51b0-8fca-08bad0efb628,cv_0096,Sara Patel,sara.patel00@inboxmail.net,+353-246-765-6853,Female,25
c49f4a0f-bd94-528d-b28a-26e8ff7d8942,cv_0099,Omar Okafor,omar.okafor92@inboxmail.net,+234-392-479-7114,Male,33
67456f17-5eed-5966-a20b-a6e228af025b,cv_0101,Maya Novak,maya.novak95@inboxmail.net,+33-522-268-6152,Female,30
d87a532e-a73a-5c40-b9af-1b99e384a6d4,cv_0102,Nadia Dubois,nadia.dubois86@email.com,+49-236-607-4052,Female,40
72e3fc28-ae24-5121-b892-c17168a098bf,cv_0100,Marcus Rossi,marcus.rossi93@mailhub.com,+48-292-886-3886,Male,32
1dbbe810-00c1-556d-a2b6-36bc5f675985,cv_0108,Lucia Costa,lucia.costa92@inboxmail.net,+351-208-449-7294,Female,33
b949296d-92af-5c94-9e5e-642584478ecb,cv_0103,Omar Martinez,omar.martinez00@mailhub.com,+353-201-945-7377,Male,25
c11dcd27-289e-56a5-8f58-33415ea8a9de,cv_0105,Victor Dubois,victor.dubois96@mailhub.com,+234-593-984-4430,Male,30
cea22ba3-5ee9-54b9-a896-1034975f3c4d,cv_0109,Elena Dubois,elena.dubois92@email.com,+353-941-314-2302,Female,33
c1d06bd7-0ea1-56bb-83cc-bd7e53b9c1c5,cv_0106,Nadia Schneider,nadia.schneider95@mailhub.com,+39-353-433-2084,Female,30
bd231562-0247-5247-b836-053d99097205,cv_0110,Lucia Aliyev,lucia.aliyev02@mailhub.com,+91-542-652-4693,Female,23
50152be0-0217-5d19-962e-c33de471d700,cv_0104,Jonas Santos,jonas.santos91@email.com,+39-285-777-7960,Male,34
3d1437ae-cbe8-568e-8bff-f9d0ce0e54c6,cv_0107,Daniel Fischer,daniel.fischer89@email.com,+353-874-293-6407,Male,36
8ee2eb66-ad03-5510-b0e8-b2093710dbee,cv_0114,David Popescu,david.popescu92@email.com,+48-476-587-3840,Male,34
040efaeb-21f8-5b97-ba75-ed39569d2edf,cv_0117,Samuel Andersen,samuel.andersen96@inboxmail.net,+33-359-749-5820,Male,30
71b14e9b-a77d-50df-a8e4-8d03dcb66d0a,cv_0116,Luca Aliyev,luca.aliyev01@email.com,+91-353-988-6688,Male,24
36c85019-46d7-5660-9320-4e0aa54d129c,cv_0118,Hugo Patel,hugo.patel88@inboxmail.net,+39-904-957-2931,Male,38
6e47ad98-7d95-502b-b18f-3769d6cf7920,cv_0113,Leo Dubois,leo.dubois01@mailhub.com,+39-911-548-7173,Male,24
b43f676b-15c3-5981-95cf-65b31d06226d,cv_0112,Maya Popescu,maya.popescu91@inboxmail.net,+33-463-911-5170,Female,34
0aeece13-8c9d-57ad-ab9c-aa967b833370,cv_0119,Nadia Schneider,nadia.schneider00@mailhub.com,+234-434-226-1489,Female,26
37697b8a-a3b7-53b3-9102-de2c0b56602b,cv_0111,Sara Fischer,sara.fischer95@email.com,+1-647-208-9574,Female,30
2eec2493-c3ae-512b-aab0-0869770c4832,cv_0120,Zoe Silva,zoe.silva98@inboxmail.net,+353-813-856-7422,Female,27
4c02d42f-148d-5735-9057-2a5859a9888a,cv_0121,Camila Hassan,camila.hassan84@email.com,+48-698-376-9078,Female,41
7cef62ce-c57d-5cd5-9cdf-ea15df56afc0,cv_0123,Maya Patel,maya.patel92@email.com,+91-982-165-4117,Female,34
b4269c30-d98e-5196-a154-ee23df43549f,cv_0124,Julia Rossi,julia.rossi92@inboxmail.net,+353-500-452-5186,Female,33
a696c5e9-d33e-5add-82e2-d706e132e0aa,cv_0125,Victor Hassan,victor.hassan83@email.com,+353-591-168-4621,Male,42
b6c738ea-bda9-57b2-b1d1-d1342868b720,cv_0115,Ethan Liu,ethan.liu91@email.com,+1-525-137-7365,Male,35
5226357a-c2ec-56d7-b59e-c23f324d1ca5,cv_0126,David Schneider,david.schneider95@mailhub.com,+234-937-410-3969,Male,30
69641b66-82b8-5afd-9187-84a1d58019a8,cv_0128,Daniel Petrov,daniel.petrov87@mailhub.com,+234-768-402-4343,Male,38
58d20b6a-0952-54e8-bfb0-ff48e35fafa4,cv_0122,Jonas Fischer,jonas.fischer93@inboxmail.net,+48-837-126-2256,Male,32
90d95d6e-b4b4-5ff1-9b3d-7d6283ad86c6,cv_0127,Clara Okafor,clara.okafor89@email.com,+31-877-331-4286,Female,36
203e5de2-be80-5f47-a254-c162835d8111,cv_0129,Nora Popescu,nora.popescu91@mailhub.com,+33-723-176-3152,Female,34
c8513741-0b03-5100-8b75-a707adea716c,cv_0133,Leo Liu,leo.liu89@inboxmail.net,+353-346-294-9337,Male,36
a16b69e9-cc84-5dce-85bf-bdcd4f3ad6c3,cv_0131,Camila Novak,camila.novak90@email.com,+353-231-886-6586,Female,35
12f780db-cf65-5173-8ff1-5f720d81ecc1,cv_0130,Isla Garcia,isla.garcia97@mailhub.com,+31-823-831-9672,Female,28
65ac3caf-3bfa-56fa-9a0b-3fe25207d203,cv_0134,Aisha Silva,aisha.silva86@email.com,+31-921-658-2561,Female,40
26e5b66b-bb0e-55b0-891c-0df0aa093340,cv_0136,Luca Aliyev,luca.aliyev96@mailhub.com,+49-429-558-2731,Male,29
ebd0e21b-1232-5766-ac99-bf3dee39b28b,cv_0137,Mateo Liu,mateo.liu87@inboxmail.net,+351-459-743-3261,Male,38
a41b3949-4b4e-56d4-ab24-a0cb34af2aca,cv_0132,Lucia Silva,lucia.silva92@inboxmail.net,+1-675-488-5287,Female,33
e96ee0ff-5ac0-5f6f-b63d-81ba8628e317,cv_0135,Kenji Costa,kenji.costa98@inboxmail.net,+31-340-208-2425,Male,28
c99ad19a-b69f-5d2d-b563-07abfe87834c,cv_0138,Aisha Martinez,aisha.martinez94@inboxmail.net,+49-315-848-8808,Female,31
42e6b9c2-ad6b-5c9a-93b5-91393d842050,cv_0139,Daniel Silva,daniel.silva84@mailhub.com,+31-499-666-2475,Male,41
612a2b3e-9606-5615-a61a-7fee72354d82,cv_0140,Ethan Kim,ethan.kim98@inboxmail.net,+91-600-396-8227,Male,28
a149d7a0-3da3-5101-b6d4-df86df1a7d3b,cv_0143,Lucia Garcia,lucia.garcia00@email.com,+48-747-834-1387,Female,25
e4523505-b96b-5ecc-9d31-0c3e0a7b66fb,cv_0141,Noah Costa,noah.costa96@inboxmail.net,+1-557-280-1598,Male,29
5996a1f8-57a8-5745-8eef-f5178698e7f9,cv_0144,Hugo Aliyev,hugo.aliyev97@inboxmail.net,+91-783-831-8221,Male,28
3ffec821-d474-5b6e-91ae-6c0fef53da29,cv_0142,Nathan Okafor,nathan.okafor88@inboxmail.net,+31-481-208-2746,Male,37
0c6bed60-07b8-53c4-8b5a-1c40012dee28,cv_0146,Elena Liu,elena.liu98@mailhub.com,+39-207-496-3178,Female,27
97995ca0-295f-5395-9eb6-85765d415100,cv_0145,Omar Liu,omar.liu87@mailhub.com,+49-836-181-2231,Male,39
3c52dda9-eb35-5af7-97e6-f8b07c9fc888,cv_0148,Samuel Popescu,samuel.popescu91@email.com,+91-359-246-3661,Male,35
82862769-4062-536c-a300-1cfae123b2d6,cv_0152,Mina Aliyev,mina.aliyev94@inboxmail.net,+49-745-879-3336,Female,31
ac548b95-0854-56df-ba59-df366c3d5cc1,cv_0149,Leila Rossi,leila.rossi00@mailhub.com,+48-548-771-5476,Female,25
b4b3cc7b-8bc9-5475-a9f4-d0bedbd73117,cv_0151,Noah Silva,noah.silva01@mailhub.com,+1-482-815-4391,Male,24
d6a7985e-1417-5a0d-8a35-f62c61e87db0,cv_0153,Ethan Kim,ethan.kim02@mailhub.com,+1-667-791-5139,Male,23
d3b7aa32-f04e-5ddb-842e-d5bfd69f59dd,cv_0147,Kenji Garcia,kenji.garcia00@mailhub.com,+351-608-703-4882,Male,26
cf839372-1199-5ba6-b3a1-5650b7131928,cv_0150,Ethan Costa,ethan.costa94@inboxmail.net,+351-673-508-4250,Male,31
be3407cf-af88-53aa-a735-dfc644e38042,cv_0154,Jonas Hassan,jonas.hassan93@inboxmail.net,+351-594-462-5815,Male,32
ad22abf7-165e-50d3-bccd-e44429b5c5b4,cv_0157,Anna Popescu,anna.popescu01@inboxmail.net,+49-494-674-5624,Female,24
798bf796-8026-50a8-8ed8-670b7b5e7745,cv_0155,Julia Garcia,julia.garcia95@mailhub.com,+1-371-936-9199,Female,30
5e04af4e-c27b-54d1-a97e-f4ba2428c818,cv_0158,Victor Andersen,victor.andersen93@inboxmail.net,+351-399-624-4843,Male,32
26331832-b15e-58c3-b122-daad86be24cf,cv_0159,Hannah Fischer,hannah.fischer90@email.com,+91-965-891-6289,Female,35
e78d1b40-7271-563c-8613-04c369b0e02d,cv_0163,Ethan Andersen,ethan.andersen03@mailhub.com,+31-747-746-7752,Male,23
32aa5b64-f391-5f83-859d-fbb39fc272ef,cv_0160,Maya Rossi,maya.rossi98@email.com,+39-348-831-8467,Female,27
9e432f22-7d96-5183-b820-97fd8df22b7e,cv_0156,Zoe Santos,zoe.santos96@mailhub.com,+351-377-332-3070,Female,30
839564fb-bf60-57e6-9372-bfcba725e595,cv_0162,Yusuf Okafor,yusuf.okafor96@inboxmail.net,+49-339-105-6581,Male,29
3dce9899-03ad-596c-aa64-7a7637172c42,cv_0164,Elena Costa,elena.costa96@inboxmail.net,+351-371-874-1945,Female,30
4d75147c-b18f-5195-8abd-ba4809e769af,cv_0166,Noah Costa,noah.costa91@inboxmail.net,+48-582-952-3940,Male,34
14896228-87c3-5516-bf6c-3df68033d169,cv_0167,Sara Costa,sara.costa97@email.com,+91-735-692-4519,Female,29
773896e6-6828-566c-ace2-71b9f0fd62be,cv_0170,Omar Fischer,omar.fischer01@mailhub.com,+31-487-653-5695,Male,24
0df8487d-1141-526d-afc8-b46861dc016a,cv_0171,Hannah Novak,hannah.novak86@email.com,+39-588-739-2748,Female,40
ef1e5ee9-6472-5b05-a2b6-49bf5e036933,cv_0161,Omar Schneider,omar.schneider86@mailhub.com,+31-551-136-8897,Male,40
2b1f20d3-5355-5131-a7d0-fc91a7058e38,cv_0176,Arjun Dubois,arjun.dubois93@mailhub.com,+33-864-220-5021,Male,32
98e9647b-709a-5567-b02d-c6186d63958c,cv_0165,Maya Dubois,maya.dubois00@email.com,+33-431-723-1551,Female,25
8e9b6428-def9-5a26-81af-f2dc87d30ed6,cv_0175,Luca Liu,luca.liu01@inboxmail.net,+1-452-948-7169,Male,25
35bdffa7-dbdd-5e4c-bc31-d0598a9ca90e,cv_0169,Aisha Patel,aisha.patel93@mailhub.com,+39-750-192-6236,Female,32
7d90f264-24af-5b01-bcba-59ff32fbb9de,cv_0172,Arjun Silva,arjun.silva02@mailhub.com,+31-727-359-4776,Male,24
4d19e1ba-b605-5b10-a3e8-b84723b974a2,cv_0168,Marcus Costa,marcus.costa89@email.com,+234-476-766-5058,Male,36
17bb7ab7-3c1b-536b-993b-228c512f0335,cv_0173,Zoe Costa,zoe.costa97@mailhub.com,+33-305-278-3030,Female,28
2be61299-9447-5df4-b0bb-a9acd043b3dc,cv_0174,Clara Hassan,clara.hassan98@email.com,+353-540-857-1277,Female,27
8afb607d-decd-5bfc-8088-5a1ca9b5a83d,cv_0180,Victor Petrov,victor.petrov94@mailhub.com,+48-668-578-4642,Male,31
aec84f75-01bd-528f-8aa5-8d38e5d514f5,cv_0182,Mina Liu,mina.liu90@email.com,+49-516-331-7998,Female,35
290541b9-6157-5ba3-92dd-a49ed476b843,cv_0183,Leo Hassan,leo.hassan99@email.com,+353-742-567-3392,Male,26
8b697627-8ed1-5066-afe9-72d3ac1c27ff,cv_0179,Maya Santos,maya.santos04@email.com,+33-441-304-8662,Female,21
13cb1ccc-2837-5eee-be29-401a42696ecd,cv_0178,Samuel Liu,samuel.liu97@inboxmail.net,+351-720-271-7013,Male,28
80d0a577-1eff-55c2-92ee-cb1f6397c2fa,cv_0185,David Silva,david.silva84@mailhub.com,+31-642-863-4755,Male,41
b1a2d66b-9980-5bb5-acc7-e040c7c50528,cv_0181,Samuel Rossi,samuel.rossi02@email.com,+1-954-596-5493,Male,24
decbd370-604e-5fe0-8650-d23619c26033,cv_0177,Samuel Novak,samuel.novak96@mailhub.com,+33-204-206-9606,Male,29
1e4f04c8-a129-5ab0-b825-808495cb742f,cv_0187,Arjun Schneider,arjun.schneider91@mailhub.com,+39-695-884-1816,Male,34
c4df11b3-98ca-5413-99a0-c88436e6ed0c,cv_0186,Thomas Fischer,thomas.fischer04@mailhub.com,+49-349-973-1133,Male,21
549a7617-669d-54c6-9558-e90c256d7e72,cv_0184,Gabriel Martinez,gabriel.martinez87@mailhub.com,+31-449-477-2377,Male,39
cb8ba4ca-2417-5737-ac3f-5867d83abdc8,cv_0189,Olivia Kim,olivia.kim90@email.com,+33-628-161-5229,Female,35
ed6638a6-f48b-5912-b29f-e776068a99c5,cv_0195,Sophie Aliyev,sophie.aliyev96@inboxmail.net,+39-254-202-3661,Female,29
ee0ebd29-8365-5732-a4d1-7f9472d95031,cv_0190,Nora Popescu,nora.popescu91@email.com,+353-769-464-2249,Female,34
08e98eec-852b-5dae-af62-f3e4c094aa4b,cv_0192,Maya Silva,maya.silva89@email.com,+48-525-345-2048,Female,36
95fa9752-6415-592e-b382-f3a56c90be42,cv_0194,Samuel Novak,samuel.novak99@mailhub.com,+48-916-922-5141,Male,27
c08d5ddc-80a8-51b8-8023-ff878edb37ae,cv_0193,Arjun Santos,arjun.santos90@email.com,+351-788-831-5384,Male,36
ad5b0011-381c-5fd3-94e1-dc1508b82b3c,cv_0191,Iris Bianchi,iris.bianchi86@inboxmail.net,+91-266-556-8847,Female,39
d38ea217-d360-5279-b538-e9ecde1b3ec8,cv_0188,Jonas Andersen,jonas.andersen99@mailhub.com,+48-768-108-9089,Male,27
34ad87aa-739b-5af1-89d3-b3f586cfd12f,cv_0196,Nathan Andersen,nathan.andersen88@inboxmail.net,+39-231-607-5030,Male,38
94802996-ae72-545e-ba25-ae9969af6267,cv_0200,David Patel,david.patel82@mailhub.com,+351-683-800-6216,Male,44
114da88a-ec0c-5131-b5dc-4e93505b0279,cv_0199,Iris Hassan,iris.hassan00@mailhub.com,+49-534-248-7754,Female,25
336281ad-4df3-5055-af29-a684fd0e8d1b,cv_0198,Aisha Garcia,aisha.garcia91@inboxmail.net,+39-877-757-7709,Female,35
7d1d00b4-0b18-5159-947e-a316b76057a8,cv_0197,Hannah Garcia,hannah.garcia96@email.com,+49-501-214-5368,Female,30
